{
  "camera": {
    "P": [
      7.4428131657550921e+02, 0.0, 6.3420304411679251e+02,
      0.0, 7.4175005593111871e+02, 4.7302271766788994e+02,
      0.0, 0.0, 1.0
    ],
    "distortion": [
      1.0413316741390001e-01,
      -1.9298568692969287e-01,
      -2.4351534498466571e-03,
      -3.7207368895754581e-03,
      4.5958660060315654e-02
    ],

    "other properties will be ignored": "",
    "width": 1280,
    "height": 960
  }
}
